{"LEFT_ELBOW": 160.0886685543678, "RIGHT_ELBOW": 165.21547259983743, "LEFT_SHOULDER": 165.4885137884133, "RIGHT_SHOULDER": 168.8215227055457, "LEFT_HIP": 77.85769234152251, "RIGHT_HIP": 79.24085592409699, "LEFT_KNEE": 174.01362738851466, "RIGHT_KNEE": 172.65433699144037, "LEFT_ANKLE": 99.54900491605324, "RIGHT_ANKLE": 101.95652613313206}