{"LEFT_ELBOW": 98.16620030099703, "RIGHT_ELBOW": 108.32461012094882, "LEFT_SHOULDER": 95.42502931943737, "RIGHT_SHOULDER": 116.68342824786308, "LEFT_HIP": 77.46006029848664, "RIGHT_HIP": 7.675523352336735, "LEFT_KNEE": 163.3549617853241, "RIGHT_KNEE": 165.75718826868672, "LEFT_ANKLE": 91.27303002005671, "RIGHT_ANKLE": 133.94487365235977, "LEG_ANKLE": 59.493934222302904}