{"LEFT_ELBOW": 164.0958141947134, "RIGHT_ELBOW": 165.69576128287875, "LEFT_SHOULDER": 23.011120329444648, "RIGHT_SHOULDER": 39.514905650356816, "LEFT_HIP": 171.44563507061022, "RIGHT_HIP": 164.38165387918195, "LEFT_KNEE": 64.06651265678144, "RIGHT_KNEE": 60.19188745725343, "LEFT_ANKLE": 137.25270974751285, "RIGHT_ANKLE": 104.91840132658656}