{"LEFT_SHOULDER": 124.57873443767312, "RIGHT_SHOULDER": 127.24260558312317, "LEFT_HIP": 15.997731420277736, "RIGHT_HIP": 14.178887312788437, "LEFT_KNEE": 176.6335393365704, "RIGHT_KNEE": 173.48343657872525, "LEFT_ANKLE": 119.57075325674855, "RIGHT_ANKLE": 127.52844082340764}