{"LEFT_ELBOW": 175.23066601586322, "RIGHT_ELBOW": 174.1652110031587, "LEFT_SHOULDER": 173.39400145266433, "RIGHT_SHOULDER": 175.84614691304884, "LEFT_HIP": 24.326219121591436, "RIGHT_HIP": 29.29863871763013, "LEFT_KNEE": 31.021823025488956, "RIGHT_KNEE": 35.98509108500951}