{"LEFT_ELBOW": 171.93551882249054, "RIGHT_ELBOW": 177.36934130373015, "LEFT_SHOULDER": 179.49629729291476, "RIGHT_SHOULDER": 177.9174347202692, "LEFT_HIP": 134.08305237044775, "RIGHT_HIP": 77.64202362643283, "LEFT_KNEE": 132.45302157858166, "RIGHT_KNEE": 67.91642933820361}